episode_reward_max,episode_reward_min,episode_reward_mean,episode_len_mean,episodes_this_iter,num_healthy_workers,timesteps_total,agent_timesteps_total,done,episodes_total,training_iteration,experiment_id,date,timestamp,time_this_iter_s,time_total_s,pid,hostname,node_ip,time_since_restore,timesteps_since_restore,iterations_since_restore,trial_id,hist_stats/episode_reward,hist_stats/episode_lengths,timers/grad_wait_time_ms,timers/apply_grad_time_ms,timers/apply_grad_throughput,timers/update_time_ms,info/num_steps_sampled,info/num_steps_trained,perf/cpu_util_percent,perf/ram_util_percent,info/learner/allreduce_latency,info/learner/grad_gnorm,info/learner/policy_entropy,info/learner/policy_loss,info/learner/vf_loss
nan,nan,nan,nan,0,1,30,0,False,0,1,0882816852fd4f208801a281f25d342f,2021-11-13_04-02-20,1636786940,0.2050163745880127,0.2050163745880127,31345,werikcyano,192.168.1.8,0.2050163745880127,0,1,95ddc_00000,[],[],88.511,101.946,294.274,9.459,30,30,73.1,51.1,0.0,128.45773,8.35311508178711,-0.4512038826942444,0.3348338305950165
1.0,0.0,0.14285714285714285,543.1428571428571,7,1,1020,0,False,7,2,0882816852fd4f208801a281f25d342f,2021-11-13_04-02-26,1636786946,5.249679088592529,5.454695463180542,31345,werikcyano,192.168.1.8,5.454695463180542,0,2,95ddc_00000,"[0.0, 0.0, 1.0, 0.0, 0.0, 0.0, 0.0]","[518, 530, 649, 535, 520, 531, 519]",145.189,7.056,4251.702,12.314,1020,1020,56.699999999999996,51.52857142857143,0.0,0.82450795,9.532795886002532e-09,-0.0,2.2606693164561875e-05
5.0,0.0,0.46153846153846156,603.6153846153846,6,1,1950,0,False,13,3,0882816852fd4f208801a281f25d342f,2021-11-13_04-02-31,1636786951,5.054905891418457,10.509601354598999,31345,werikcyano,192.168.1.8,10.509601354598999,0,3,95ddc_00000,"[0.0, 0.0, 1.0, 0.0, 0.0, 0.0, 0.0, 0.0, 0.0, 0.0, 5.0, 0.0, 0.0]","[518, 530, 649, 535, 520, 531, 519, 515, 516, 536, 1414, 521, 543]",139.162,4.949,6061.629,10.337,1950,1950,55.3625,51.5125,0.0,14.02956,9.178584114977184e-09,-0.0,0.004339735954999924
5.0,0.0,0.35294117647058826,586.0588235294117,4,1,2970,0,False,17,4,0882816852fd4f208801a281f25d342f,2021-11-13_04-02-36,1636786956,5.103670120239258,15.613271474838257,31345,werikcyano,192.168.1.8,15.613271474838257,0,4,95ddc_00000,"[0.0, 0.0, 1.0, 0.0, 0.0, 0.0, 0.0, 0.0, 0.0, 0.0, 5.0, 0.0, 0.0, 0.0, 0.0, 0.0, 0.0]","[518, 530, 649, 535, 520, 531, 519, 515, 516, 536, 1414, 521, 543, 517, 529, 529, 541]",132.117,4.876,6152.051,10.788,2970,2970,49.91428571428572,51.5,0.0,225.71976,1.7420234144083224e-06,-0.0,3.2315621376037598
5.0,0.0,0.9545454545454546,694.3636363636364,5,1,3960,0,False,22,5,0882816852fd4f208801a281f25d342f,2021-11-13_04-02-41,1636786961,5.006420135498047,20.619691610336304,31345,werikcyano,192.168.1.8,20.619691610336304,0,5,95ddc_00000,"[0.0, 0.0, 1.0, 0.0, 0.0, 0.0, 0.0, 0.0, 0.0, 0.0, 5.0, 0.0, 0.0, 0.0, 0.0, 0.0, 0.0, 5.0, 5.0, 0.0, 5.0, 0.0]","[518, 530, 649, 535, 520, 531, 519, 515, 516, 536, 1414, 521, 543, 517, 529, 529, 541, 1418, 1422, 519, 1434, 520]",135.871,5.242,5723.147,9.006,3960,3960,52.34285714285714,51.51428571428572,0.0,18.506325,7.613267371198162e-05,-0.0,0.020575501024723053
5.0,0.0,1.1071428571428572,723.2142857142857,6,1,4920,0,False,28,6,0882816852fd4f208801a281f25d342f,2021-11-13_04-02-46,1636786966,5.016272306442261,25.635963916778564,31345,werikcyano,192.168.1.8,25.635963916778564,0,6,95ddc_00000,"[0.0, 0.0, 1.0, 0.0, 0.0, 0.0, 0.0, 0.0, 0.0, 0.0, 5.0, 0.0, 0.0, 0.0, 0.0, 0.0, 0.0, 5.0, 5.0, 0.0, 5.0, 0.0, 0.0, 5.0, 0.0, 5.0, 0.0, 0.0]","[518, 530, 649, 535, 520, 531, 519, 515, 516, 536, 1414, 521, 543, 517, 529, 529, 541, 1418, 1422, 519, 1434, 520, 537, 1430, 516, 1414, 540, 537]",139.541,4.749,6317.579,10.826,4920,4920,54.528571428571425,51.528571428571425,0.0,0.3399423,0.0012411689385771751,-1.6618045606264786e-07,0.000356733042281121
5.0,0.0,1.0,704.5833333333334,8,1,5880,0,False,36,7,0882816852fd4f208801a281f25d342f,2021-11-13_04-02-51,1636786971,4.982957124710083,30.618921041488647,31345,werikcyano,192.168.1.8,30.618921041488647,0,7,95ddc_00000,"[0.0, 0.0, 1.0, 0.0, 0.0, 0.0, 0.0, 0.0, 0.0, 0.0, 5.0, 0.0, 0.0, 0.0, 0.0, 0.0, 0.0, 5.0, 5.0, 0.0, 5.0, 0.0, 0.0, 5.0, 0.0, 5.0, 0.0, 0.0, 5.0, 0.0, 0.0, 0.0, 0.0, 0.0, 0.0, 0.0]","[518, 530, 649, 535, 520, 531, 519, 515, 516, 536, 1414, 521, 543, 517, 529, 529, 541, 1418, 1422, 519, 1434, 520, 537, 1430, 516, 1414, 540, 537, 1430, 540, 519, 520, 533, 521, 517, 535]",140.781,4.865,6167.036,10.074,5880,5880,51.4,51.5,0.0,4.17868,0.027300819754600525,2.097713695548009e-05,0.0015155391301959753
5.0,0.0,0.9767441860465116,695.8372093023256,7,1,6870,0,False,43,8,0882816852fd4f208801a281f25d342f,2021-11-13_04-02-56,1636786976,5.067030906677246,35.685951948165894,31345,werikcyano,192.168.1.8,35.685951948165894,0,8,95ddc_00000,"[0.0, 0.0, 1.0, 0.0, 0.0, 0.0, 0.0, 0.0, 0.0, 0.0, 5.0, 0.0, 0.0, 0.0, 0.0, 0.0, 0.0, 5.0, 5.0, 0.0, 5.0, 0.0, 0.0, 5.0, 0.0, 5.0, 0.0, 0.0, 5.0, 0.0, 0.0, 0.0, 0.0, 0.0, 0.0, 0.0, 0.0, 0.0, 0.0, 0.0, 2.0, 2.0, 2.0]","[518, 530, 649, 535, 520, 531, 519, 515, 516, 536, 1414, 521, 543, 517, 529, 529, 541, 1418, 1422, 519, 1434, 520, 537, 1430, 516, 1414, 540, 537, 1430, 540, 519, 520, 533, 521, 517, 535, 517, 536, 540, 541, 822, 799, 801]",140.356,5.383,5573.505,10.216,6870,6870,52.05,51.5625,0.0,27.561174,0.007567872758954763,-2.9774528229609132e-05,0.10049362480640411
5.0,0.0,1.0,694.9583333333334,5,1,7860,0,False,48,9,0882816852fd4f208801a281f25d342f,2021-11-13_04-03-01,1636786981,5.041801691055298,40.72775363922119,31345,werikcyano,192.168.1.8,40.72775363922119,0,9,95ddc_00000,"[0.0, 0.0, 1.0, 0.0, 0.0, 0.0, 0.0, 0.0, 0.0, 0.0, 5.0, 0.0, 0.0, 0.0, 0.0, 0.0, 0.0, 5.0, 5.0, 0.0, 5.0, 0.0, 0.0, 5.0, 0.0, 5.0, 0.0, 0.0, 5.0, 0.0, 0.0, 0.0, 0.0, 0.0, 0.0, 0.0, 0.0, 0.0, 0.0, 0.0, 2.0, 2.0, 2.0, 2.0, 2.0, 2.0, 0.0, 0.0]","[518, 530, 649, 535, 520, 531, 519, 515, 516, 536, 1414, 521, 543, 517, 529, 529, 541, 1418, 1422, 519, 1434, 520, 537, 1430, 516, 1414, 540, 537, 1430, 540, 519, 520, 533, 521, 517, 535, 517, 536, 540, 541, 822, 799, 801, 807, 790, 813, 511, 516]",139.003,4.853,6182.277,9.418,7860,7860,51.75714285714286,51.542857142857144,0.0,136.49011,13.853620529174805,3.748473882675171,4.10068941116333
5.0,0.0,0.9444444444444444,685.5370370370371,6,1,8820,0,False,54,10,0882816852fd4f208801a281f25d342f,2021-11-13_04-03-06,1636786986,4.972950220108032,45.700703859329224,31345,werikcyano,192.168.1.8,45.700703859329224,0,10,95ddc_00000,"[0.0, 0.0, 1.0, 0.0, 0.0, 0.0, 0.0, 0.0, 0.0, 0.0, 5.0, 0.0, 0.0, 0.0, 0.0, 0.0, 0.0, 5.0, 5.0, 0.0, 5.0, 0.0, 0.0, 5.0, 0.0, 5.0, 0.0, 0.0, 5.0, 0.0, 0.0, 0.0, 0.0, 0.0, 0.0, 0.0, 0.0, 0.0, 0.0, 0.0, 2.0, 2.0, 2.0, 2.0, 2.0, 2.0, 0.0, 0.0, 3.0, 0.0, 0.0, 0.0, 0.0, 0.0]","[518, 530, 649, 535, 520, 531, 519, 515, 516, 536, 1414, 521, 543, 517, 529, 529, 541, 1418, 1422, 519, 1434, 520, 537, 1430, 516, 1414, 540, 537, 1430, 540, 519, 520, 533, 521, 517, 535, 517, 536, 540, 541, 822, 799, 801, 807, 790, 813, 511, 516, 1012, 532, 535, 519, 536, 527]",144.049,5.108,5872.593,9.548,8820,8820,52.95714285714286,51.52857142857143,0.0,24.293175,0.0004966791602782905,-1.0862163435376715e-06,0.11353183537721634
9.0,0.0,1.3220338983050848,728.0847457627119,5,1,9840,0,False,59,11,0882816852fd4f208801a281f25d342f,2021-11-13_04-03-11,1636786991,5.1316077709198,50.83231163024902,31345,werikcyano,192.168.1.8,50.83231163024902,0,11,95ddc_00000,"[0.0, 0.0, 1.0, 0.0, 0.0, 0.0, 0.0, 0.0, 0.0, 0.0, 5.0, 0.0, 0.0, 0.0, 0.0, 0.0, 0.0, 5.0, 5.0, 0.0, 5.0, 0.0, 0.0, 5.0, 0.0, 5.0, 0.0, 0.0, 5.0, 0.0, 0.0, 0.0, 0.0, 0.0, 0.0, 0.0, 0.0, 0.0, 0.0, 0.0, 2.0, 2.0, 2.0, 2.0, 2.0, 2.0, 0.0, 0.0, 3.0, 0.0, 0.0, 0.0, 0.0, 0.0, 9.0, 9.0, 0.0, 0.0, 9.0]","[518, 530, 649, 535, 520, 531, 519, 515, 516, 536, 1414, 521, 543, 517, 529, 529, 541, 1418, 1422, 519, 1434, 520, 537, 1430, 516, 1414, 540, 537, 1430, 540, 519, 520, 533, 521, 517, 535, 517, 536, 540, 541, 822, 799, 801, 807, 790, 813, 511, 516, 1012, 532, 535, 519, 536, 527, 1640, 1624, 519, 535, 1620]",138.874,5.599,5357.736,10.018,9840,9840,51.028571428571425,51.60000000000001,0.0,3.4873092,0.228774756193161,-0.0004893962177447975,0.00538483913987875
9.0,0.0,1.2,710.1692307692308,6,1,10740,0,False,65,12,0882816852fd4f208801a281f25d342f,2021-11-13_04-03-16,1636786996,4.986217498779297,55.81852912902832,31345,werikcyano,192.168.1.8,55.81852912902832,0,12,95ddc_00000,"[0.0, 0.0, 1.0, 0.0, 0.0, 0.0, 0.0, 0.0, 0.0, 0.0, 5.0, 0.0, 0.0, 0.0, 0.0, 0.0, 0.0, 5.0, 5.0, 0.0, 5.0, 0.0, 0.0, 5.0, 0.0, 5.0, 0.0, 0.0, 5.0, 0.0, 0.0, 0.0, 0.0, 0.0, 0.0, 0.0, 0.0, 0.0, 0.0, 0.0, 2.0, 2.0, 2.0, 2.0, 2.0, 2.0, 0.0, 0.0, 3.0, 0.0, 0.0, 0.0, 0.0, 0.0, 9.0, 9.0, 0.0, 0.0, 9.0, 0.0, 0.0, 0.0, 0.0, 0.0, 0.0]","[518, 530, 649, 535, 520, 531, 519, 515, 516, 536, 1414, 521, 543, 517, 529, 529, 541, 1418, 1422, 519, 1434, 520, 537, 1430, 516, 1414, 540, 537, 1430, 540, 519, 520, 533, 521, 517, 535, 517, 536, 540, 541, 822, 799, 801, 807, 790, 813, 511, 516, 1012, 532, 535, 519, 536, 527, 1640, 1624, 519, 535, 1620, 536, 520, 543, 537, 536, 532]",145.765,6.166,4865.5,13.445,10740,10740,59.2625,51.6375,0.0,71.34908,35.09526443481445,7.9372029304504395,3.283165454864502
9.0,0.0,1.3142857142857143,725.5285714285715,5,1,11730,0,False,70,13,0882816852fd4f208801a281f25d342f,2021-11-13_04-03-21,1636787001,5.074866533279419,60.89339566230774,31345,werikcyano,192.168.1.8,60.89339566230774,0,13,95ddc_00000,"[0.0, 0.0, 1.0, 0.0, 0.0, 0.0, 0.0, 0.0, 0.0, 0.0, 5.0, 0.0, 0.0, 0.0, 0.0, 0.0, 0.0, 5.0, 5.0, 0.0, 5.0, 0.0, 0.0, 5.0, 0.0, 5.0, 0.0, 0.0, 5.0, 0.0, 0.0, 0.0, 0.0, 0.0, 0.0, 0.0, 0.0, 0.0, 0.0, 0.0, 2.0, 2.0, 2.0, 2.0, 2.0, 2.0, 0.0, 0.0, 3.0, 0.0, 0.0, 0.0, 0.0, 0.0, 9.0, 9.0, 0.0, 0.0, 9.0, 0.0, 0.0, 0.0, 0.0, 0.0, 0.0, 0.0, 0.0, 9.0, 5.0, 0.0]","[518, 530, 649, 535, 520, 531, 519, 515, 516, 536, 1414, 521, 543, 517, 529, 529, 541, 1418, 1422, 519, 1434, 520, 537, 1430, 516, 1414, 540, 537, 1430, 540, 519, 520, 533, 521, 517, 535, 517, 536, 540, 541, 822, 799, 801, 807, 790, 813, 511, 516, 1012, 532, 535, 519, 536, 527, 1640, 1624, 519, 535, 1620, 536, 520, 543, 537, 536, 532, 517, 536, 1644, 1415, 514]",141.705,5.726,5238.994,9.11,11730,11730,52.64285714285713,51.65714285714286,0.0,116.55935,36.557037353515625,13.461187362670898,4.513782024383545
9.0,0.0,1.2763157894736843,718.7236842105264,6,1,12720,0,False,76,14,0882816852fd4f208801a281f25d342f,2021-11-13_04-03-27,1636787007,5.0696046352386475,65.96300029754639,31345,werikcyano,192.168.1.8,65.96300029754639,0,14,95ddc_00000,"[0.0, 0.0, 1.0, 0.0, 0.0, 0.0, 0.0, 0.0, 0.0, 0.0, 5.0, 0.0, 0.0, 0.0, 0.0, 0.0, 0.0, 5.0, 5.0, 0.0, 5.0, 0.0, 0.0, 5.0, 0.0, 5.0, 0.0, 0.0, 5.0, 0.0, 0.0, 0.0, 0.0, 0.0, 0.0, 0.0, 0.0, 0.0, 0.0, 0.0, 2.0, 2.0, 2.0, 2.0, 2.0, 2.0, 0.0, 0.0, 3.0, 0.0, 0.0, 0.0, 0.0, 0.0, 9.0, 9.0, 0.0, 0.0, 9.0, 0.0, 0.0, 0.0, 0.0, 0.0, 0.0, 0.0, 0.0, 9.0, 5.0, 0.0, 1.0, 3.0, 1.0, 0.0, 0.0, 0.0]","[518, 530, 649, 535, 520, 531, 519, 515, 516, 536, 1414, 521, 543, 517, 529, 529, 541, 1418, 1422, 519, 1434, 520, 537, 1430, 516, 1414, 540, 537, 1430, 540, 519, 520, 533, 521, 517, 535, 517, 536, 540, 541, 822, 799, 801, 807, 790, 813, 511, 516, 1012, 532, 535, 519, 536, 527, 1640, 1624, 519, 535, 1620, 536, 520, 543, 537, 536, 532, 517, 536, 1644, 1415, 514, 641, 942, 651, 532, 528, 542]",142.117,5.499,5455.083,9.736,12720,12720,51.58571428571428,51.614285714285714,0.0,4.86332,33.892860412597656,-0.6709110140800476,0.01563265547156334
9.0,0.0,1.2926829268292683,722.0365853658536,6,1,13620,0,False,82,15,0882816852fd4f208801a281f25d342f,2021-11-13_04-03-32,1636787012,5.1094677448272705,71.07246804237366,31345,werikcyano,192.168.1.8,71.07246804237366,0,15,95ddc_00000,"[0.0, 0.0, 1.0, 0.0, 0.0, 0.0, 0.0, 0.0, 0.0, 0.0, 5.0, 0.0, 0.0, 0.0, 0.0, 0.0, 0.0, 5.0, 5.0, 0.0, 5.0, 0.0, 0.0, 5.0, 0.0, 5.0, 0.0, 0.0, 5.0, 0.0, 0.0, 0.0, 0.0, 0.0, 0.0, 0.0, 0.0, 0.0, 0.0, 0.0, 2.0, 2.0, 2.0, 2.0, 2.0, 2.0, 0.0, 0.0, 3.0, 0.0, 0.0, 0.0, 0.0, 0.0, 9.0, 9.0, 0.0, 0.0, 9.0, 0.0, 0.0, 0.0, 0.0, 0.0, 0.0, 0.0, 0.0, 9.0, 5.0, 0.0, 1.0, 3.0, 1.0, 0.0, 0.0, 0.0, 4.0, 2.0, 1.0, 0.0, 0.0, 2.0]","[518, 530, 649, 535, 520, 531, 519, 515, 516, 536, 1414, 521, 543, 517, 529, 529, 541, 1418, 1422, 519, 1434, 520, 537, 1430, 516, 1414, 540, 537, 1430, 540, 519, 520, 533, 521, 517, 535, 517, 536, 540, 541, 822, 799, 801, 807, 790, 813, 511, 516, 1012, 532, 535, 519, 536, 527, 1640, 1624, 519, 535, 1620, 536, 520, 543, 537, 536, 532, 517, 536, 1644, 1415, 514, 641, 942, 651, 532, 528, 542, 1114, 765, 716, 532, 540, 917]",141.305,6.968,4305.398,10.654,13620,13620,62.05714285714287,51.65714285714286,0.0,6.8959994,35.92340087890625,-1.3009679317474365,0.037381362169981
9.0,0.0,1.247191011235955,716.3820224719101,7,1,14610,0,False,89,16,0882816852fd4f208801a281f25d342f,2021-11-13_04-03-37,1636787017,5.073986530303955,76.14645457267761,31345,werikcyano,192.168.1.8,76.14645457267761,0,16,95ddc_00000,"[0.0, 0.0, 1.0, 0.0, 0.0, 0.0, 0.0, 0.0, 0.0, 0.0, 5.0, 0.0, 0.0, 0.0, 0.0, 0.0, 0.0, 5.0, 5.0, 0.0, 5.0, 0.0, 0.0, 5.0, 0.0, 5.0, 0.0, 0.0, 5.0, 0.0, 0.0, 0.0, 0.0, 0.0, 0.0, 0.0, 0.0, 0.0, 0.0, 0.0, 2.0, 2.0, 2.0, 2.0, 2.0, 2.0, 0.0, 0.0, 3.0, 0.0, 0.0, 0.0, 0.0, 0.0, 9.0, 9.0, 0.0, 0.0, 9.0, 0.0, 0.0, 0.0, 0.0, 0.0, 0.0, 0.0, 0.0, 9.0, 5.0, 0.0, 1.0, 3.0, 1.0, 0.0, 0.0, 0.0, 4.0, 2.0, 1.0, 0.0, 0.0, 2.0, 2.0, 0.0, 1.0, 0.0, 0.0, 0.0, 2.0]","[518, 530, 649, 535, 520, 531, 519, 515, 516, 536, 1414, 521, 543, 517, 529, 529, 541, 1418, 1422, 519, 1434, 520, 537, 1430, 516, 1414, 540, 537, 1430, 540, 519, 520, 533, 521, 517, 535, 517, 536, 540, 541, 822, 799, 801, 807, 790, 813, 511, 516, 1012, 532, 535, 519, 536, 527, 1640, 1624, 519, 535, 1620, 536, 520, 543, 537, 536, 532, 517, 536, 1644, 1415, 514, 641, 942, 651, 532, 528, 542, 1114, 765, 716, 532, 540, 917, 940, 502, 636, 524, 521, 526, 902]",139.133,5.107,5874.403,8.99,14610,14610,52.537499999999994,51.7375,0.0,1.614734,39.38454055786133,-0.20126883685588837,0.002598645631223917
9.0,0.0,1.2291666666666667,710.5625,7,1,15600,0,False,96,17,0882816852fd4f208801a281f25d342f,2021-11-13_04-03-42,1636787022,5.1321632862091064,81.27861785888672,31345,werikcyano,192.168.1.8,81.27861785888672,0,17,95ddc_00000,"[0.0, 0.0, 1.0, 0.0, 0.0, 0.0, 0.0, 0.0, 0.0, 0.0, 5.0, 0.0, 0.0, 0.0, 0.0, 0.0, 0.0, 5.0, 5.0, 0.0, 5.0, 0.0, 0.0, 5.0, 0.0, 5.0, 0.0, 0.0, 5.0, 0.0, 0.0, 0.0, 0.0, 0.0, 0.0, 0.0, 0.0, 0.0, 0.0, 0.0, 2.0, 2.0, 2.0, 2.0, 2.0, 2.0, 0.0, 0.0, 3.0, 0.0, 0.0, 0.0, 0.0, 0.0, 9.0, 9.0, 0.0, 0.0, 9.0, 0.0, 0.0, 0.0, 0.0, 0.0, 0.0, 0.0, 0.0, 9.0, 5.0, 0.0, 1.0, 3.0, 1.0, 0.0, 0.0, 0.0, 4.0, 2.0, 1.0, 0.0, 0.0, 2.0, 2.0, 0.0, 1.0, 0.0, 0.0, 0.0, 2.0, 0.0, 3.0, 1.0, 1.0, 2.0, 0.0, 0.0]","[518, 530, 649, 535, 520, 531, 519, 515, 516, 536, 1414, 521, 543, 517, 529, 529, 541, 1418, 1422, 519, 1434, 520, 537, 1430, 516, 1414, 540, 537, 1430, 540, 519, 520, 533, 521, 517, 535, 517, 536, 540, 541, 822, 799, 801, 807, 790, 813, 511, 516, 1012, 532, 535, 519, 536, 527, 1640, 1624, 519, 535, 1620, 536, 520, 543, 537, 536, 532, 517, 536, 1644, 1415, 514, 641, 942, 651, 532, 528, 542, 1114, 765, 716, 532, 540, 917, 940, 502, 636, 524, 521, 526, 902, 526, 880, 635, 636, 735, 518, 526]",144.794,6.988,4293.322,12.232,15600,15600,52.67142857142857,51.62857142857143,0.0,3.658561,38.62485885620117,-0.4872526526451111,0.010675562545657158
9.0,0.0,1.28,718.18,6,1,16530,0,False,102,18,0882816852fd4f208801a281f25d342f,2021-11-13_04-03-47,1636787027,4.972589731216431,86.25120759010315,31345,werikcyano,192.168.1.8,86.25120759010315,0,18,95ddc_00000,"[1.0, 0.0, 0.0, 0.0, 0.0, 0.0, 0.0, 0.0, 5.0, 0.0, 0.0, 0.0, 0.0, 0.0, 0.0, 5.0, 5.0, 0.0, 5.0, 0.0, 0.0, 5.0, 0.0, 5.0, 0.0, 0.0, 5.0, 0.0, 0.0, 0.0, 0.0, 0.0, 0.0, 0.0, 0.0, 0.0, 0.0, 0.0, 2.0, 2.0, 2.0, 2.0, 2.0, 2.0, 0.0, 0.0, 3.0, 0.0, 0.0, 0.0, 0.0, 0.0, 9.0, 9.0, 0.0, 0.0, 9.0, 0.0, 0.0, 0.0, 0.0, 0.0, 0.0, 0.0, 0.0, 9.0, 5.0, 0.0, 1.0, 3.0, 1.0, 0.0, 0.0, 0.0, 4.0, 2.0, 1.0, 0.0, 0.0, 2.0, 2.0, 0.0, 1.0, 0.0, 0.0, 0.0, 2.0, 0.0, 3.0, 1.0, 1.0, 2.0, 0.0, 0.0, 1.0, 3.0, 2.0, 2.0, 2.0, 0.0]","[649, 535, 520, 531, 519, 515, 516, 536, 1414, 521, 543, 517, 529, 529, 541, 1418, 1422, 519, 1434, 520, 537, 1430, 516, 1414, 540, 537, 1430, 540, 519, 520, 533, 521, 517, 535, 517, 536, 540, 541, 822, 799, 801, 807, 790, 813, 511, 516, 1012, 532, 535, 519, 536, 527, 1640, 1624, 519, 535, 1620, 536, 520, 543, 537, 536, 532, 517, 536, 1644, 1415, 514, 641, 942, 651, 532, 528, 542, 1114, 765, 716, 532, 540, 917, 940, 502, 636, 524, 521, 526, 902, 526, 880, 635, 636, 735, 518, 526, 637, 891, 832, 848, 930, 514]",139.499,4.757,6305.865,9.074,16530,16530,57.35714285714287,51.62857142857143,0.0,3.7292573,39.027366638183594,-0.741794228553772,0.01305337157100439
9.0,0.0,1.3,720.72,7,1,17520,0,False,109,19,0882816852fd4f208801a281f25d342f,2021-11-13_04-03-52,1636787032,5.1258933544158936,91.37710094451904,31345,werikcyano,192.168.1.8,91.37710094451904,0,19,95ddc_00000,"[0.0, 5.0, 0.0, 0.0, 0.0, 0.0, 0.0, 0.0, 5.0, 5.0, 0.0, 5.0, 0.0, 0.0, 5.0, 0.0, 5.0, 0.0, 0.0, 5.0, 0.0, 0.0, 0.0, 0.0, 0.0, 0.0, 0.0, 0.0, 0.0, 0.0, 0.0, 2.0, 2.0, 2.0, 2.0, 2.0, 2.0, 0.0, 0.0, 3.0, 0.0, 0.0, 0.0, 0.0, 0.0, 9.0, 9.0, 0.0, 0.0, 9.0, 0.0, 0.0, 0.0, 0.0, 0.0, 0.0, 0.0, 0.0, 9.0, 5.0, 0.0, 1.0, 3.0, 1.0, 0.0, 0.0, 0.0, 4.0, 2.0, 1.0, 0.0, 0.0, 2.0, 2.0, 0.0, 1.0, 0.0, 0.0, 0.0, 2.0, 0.0, 3.0, 1.0, 1.0, 2.0, 0.0, 0.0, 1.0, 3.0, 2.0, 2.0, 2.0, 0.0, 0.0, 0.0, 1.0, 1.0, 0.0, 0.0, 1.0]","[536, 1414, 521, 543, 517, 529, 529, 541, 1418, 1422, 519, 1434, 520, 537, 1430, 516, 1414, 540, 537, 1430, 540, 519, 520, 533, 521, 517, 535, 517, 536, 540, 541, 822, 799, 801, 807, 790, 813, 511, 516, 1012, 532, 535, 519, 536, 527, 1640, 1624, 519, 535, 1620, 536, 520, 543, 537, 536, 532, 517, 536, 1644, 1415, 514, 641, 942, 651, 532, 528, 542, 1114, 765, 716, 532, 540, 917, 940, 502, 636, 524, 521, 526, 902, 526, 880, 635, 636, 735, 518, 526, 637, 891, 832, 848, 930, 514, 521, 517, 696, 640, 530, 524, 611]",147.392,4.858,6175.299,9.913,17520,17520,52.425,51.6375,0.0,3.0733914,36.50269317626953,-0.4982673227787018,0.008484482765197754
9.0,0.0,1.3,717.27,6,1,18450,0,False,115,20,0882816852fd4f208801a281f25d342f,2021-11-13_04-03-57,1636787037,4.985262870788574,96.36236381530762,31345,werikcyano,192.168.1.8,96.36236381530762,0,20,95ddc_00000,"[0.0, 0.0, 5.0, 5.0, 0.0, 5.0, 0.0, 0.0, 5.0, 0.0, 5.0, 0.0, 0.0, 5.0, 0.0, 0.0, 0.0, 0.0, 0.0, 0.0, 0.0, 0.0, 0.0, 0.0, 0.0, 2.0, 2.0, 2.0, 2.0, 2.0, 2.0, 0.0, 0.0, 3.0, 0.0, 0.0, 0.0, 0.0, 0.0, 9.0, 9.0, 0.0, 0.0, 9.0, 0.0, 0.0, 0.0, 0.0, 0.0, 0.0, 0.0, 0.0, 9.0, 5.0, 0.0, 1.0, 3.0, 1.0, 0.0, 0.0, 0.0, 4.0, 2.0, 1.0, 0.0, 0.0, 2.0, 2.0, 0.0, 1.0, 0.0, 0.0, 0.0, 2.0, 0.0, 3.0, 1.0, 1.0, 2.0, 0.0, 0.0, 1.0, 3.0, 2.0, 2.0, 2.0, 0.0, 0.0, 0.0, 1.0, 1.0, 0.0, 0.0, 1.0, 1.0, 2.0, 0.0, 0.0, 0.0, 2.0]","[529, 541, 1418, 1422, 519, 1434, 520, 537, 1430, 516, 1414, 540, 537, 1430, 540, 519, 520, 533, 521, 517, 535, 517, 536, 540, 541, 822, 799, 801, 807, 790, 813, 511, 516, 1012, 532, 535, 519, 536, 527, 1640, 1624, 519, 535, 1620, 536, 520, 543, 537, 536, 532, 517, 536, 1644, 1415, 514, 641, 942, 651, 532, 528, 542, 1114, 765, 716, 532, 540, 917, 940, 502, 636, 524, 521, 526, 902, 526, 880, 635, 636, 735, 518, 526, 637, 891, 832, 848, 930, 514, 521, 517, 696, 640, 530, 524, 611, 624, 815, 495, 523, 506, 752]",141.793,5.315,5643.928,10.614,18450,18450,55.5,51.685714285714276,0.0,33.074173,37.862762451171875,4.926485538482666,2.3037161827087402
9.0,0.0,1.25,704.74,6,1,19440,0,False,121,21,0882816852fd4f208801a281f25d342f,2021-11-13_04-04-02,1636787042,5.007549047470093,101.36991286277771,31345,werikcyano,192.168.1.8,101.36991286277771,0,21,95ddc_00000,"[0.0, 0.0, 5.0, 0.0, 5.0, 0.0, 0.0, 5.0, 0.0, 0.0, 0.0, 0.0, 0.0, 0.0, 0.0, 0.0, 0.0, 0.0, 0.0, 2.0, 2.0, 2.0, 2.0, 2.0, 2.0, 0.0, 0.0, 3.0, 0.0, 0.0, 0.0, 0.0, 0.0, 9.0, 9.0, 0.0, 0.0, 9.0, 0.0, 0.0, 0.0, 0.0, 0.0, 0.0, 0.0, 0.0, 9.0, 5.0, 0.0, 1.0, 3.0, 1.0, 0.0, 0.0, 0.0, 4.0, 2.0, 1.0, 0.0, 0.0, 2.0, 2.0, 0.0, 1.0, 0.0, 0.0, 0.0, 2.0, 0.0, 3.0, 1.0, 1.0, 2.0, 0.0, 0.0, 1.0, 3.0, 2.0, 2.0, 2.0, 0.0, 0.0, 0.0, 1.0, 1.0, 0.0, 0.0, 1.0, 1.0, 2.0, 0.0, 0.0, 0.0, 2.0, 1.0, 2.0, 1.0, 3.0, 2.0, 1.0]","[520, 537, 1430, 516, 1414, 540, 537, 1430, 540, 519, 520, 533, 521, 517, 535, 517, 536, 540, 541, 822, 799, 801, 807, 790, 813, 511, 516, 1012, 532, 535, 519, 536, 527, 1640, 1624, 519, 535, 1620, 536, 520, 543, 537, 536, 532, 517, 536, 1644, 1415, 514, 641, 942, 651, 532, 528, 542, 1114, 765, 716, 532, 540, 917, 940, 502, 636, 524, 521, 526, 902, 526, 880, 635, 636, 735, 518, 526, 637, 891, 832, 848, 930, 514, 521, 517, 696, 640, 530, 524, 611, 624, 815, 495, 523, 506, 752, 627, 899, 619, 1009, 753, 703]",137.273,4.633,6475.19,10.193,19440,19440,50.88571428571428,51.71428571428571,0.0,24.271935,39.09764862060547,3.153057336807251,1.433294415473938
9.0,0.0,1.24,702.01,5,1,20400,0,False,126,22,0882816852fd4f208801a281f25d342f,2021-11-13_04-04-07,1636787047,4.976015329360962,106.34592819213867,31345,werikcyano,192.168.1.8,106.34592819213867,0,22,95ddc_00000,"[0.0, 0.0, 5.0, 0.0, 0.0, 0.0, 0.0, 0.0, 0.0, 0.0, 0.0, 0.0, 0.0, 0.0, 2.0, 2.0, 2.0, 2.0, 2.0, 2.0, 0.0, 0.0, 3.0, 0.0, 0.0, 0.0, 0.0, 0.0, 9.0, 9.0, 0.0, 0.0, 9.0, 0.0, 0.0, 0.0, 0.0, 0.0, 0.0, 0.0, 0.0, 9.0, 5.0, 0.0, 1.0, 3.0, 1.0, 0.0, 0.0, 0.0, 4.0, 2.0, 1.0, 0.0, 0.0, 2.0, 2.0, 0.0, 1.0, 0.0, 0.0, 0.0, 2.0, 0.0, 3.0, 1.0, 1.0, 2.0, 0.0, 0.0, 1.0, 3.0, 2.0, 2.0, 2.0, 0.0, 0.0, 0.0, 1.0, 1.0, 0.0, 0.0, 1.0, 1.0, 2.0, 0.0, 0.0, 0.0, 2.0, 1.0, 2.0, 1.0, 3.0, 2.0, 1.0, 2.0, 1.0, 1.0, 0.0, 5.0]","[540, 537, 1430, 540, 519, 520, 533, 521, 517, 535, 517, 536, 540, 541, 822, 799, 801, 807, 790, 813, 511, 516, 1012, 532, 535, 519, 536, 527, 1640, 1624, 519, 535, 1620, 536, 520, 543, 537, 536, 532, 517, 536, 1644, 1415, 514, 641, 942, 651, 532, 528, 542, 1114, 765, 716, 532, 540, 917, 940, 502, 636, 524, 521, 526, 902, 526, 880, 635, 636, 735, 518, 526, 637, 891, 832, 848, 930, 514, 521, 517, 696, 640, 530, 524, 611, 624, 815, 495, 523, 506, 752, 627, 899, 619, 1009, 753, 703, 893, 708, 620, 527, 1396]",137.625,4.865,6167.096,9.141,20400,20400,53.34285714285715,51.67142857142857,0.0,3.66654,37.6667594909668,0.5089877843856812,0.011057424359023571
9.0,0.0,1.28,708.08,5,1,21330,0,False,131,23,0882816852fd4f208801a281f25d342f,2021-11-13_04-04-12,1636787052,5.071407318115234,111.4173355102539,31345,werikcyano,192.168.1.8,111.4173355102539,0,23,95ddc_00000,"[0.0, 0.0, 0.0, 0.0, 0.0, 0.0, 0.0, 0.0, 0.0, 2.0, 2.0, 2.0, 2.0, 2.0, 2.0, 0.0, 0.0, 3.0, 0.0, 0.0, 0.0, 0.0, 0.0, 9.0, 9.0, 0.0, 0.0, 9.0, 0.0, 0.0, 0.0, 0.0, 0.0, 0.0, 0.0, 0.0, 9.0, 5.0, 0.0, 1.0, 3.0, 1.0, 0.0, 0.0, 0.0, 4.0, 2.0, 1.0, 0.0, 0.0, 2.0, 2.0, 0.0, 1.0, 0.0, 0.0, 0.0, 2.0, 0.0, 3.0, 1.0, 1.0, 2.0, 0.0, 0.0, 1.0, 3.0, 2.0, 2.0, 2.0, 0.0, 0.0, 0.0, 1.0, 1.0, 0.0, 0.0, 1.0, 1.0, 2.0, 0.0, 0.0, 0.0, 2.0, 1.0, 2.0, 1.0, 3.0, 2.0, 1.0, 2.0, 1.0, 1.0, 0.0, 5.0, 2.0, 1.0, 3.0, 0.0, 3.0]","[520, 533, 521, 517, 535, 517, 536, 540, 541, 822, 799, 801, 807, 790, 813, 511, 516, 1012, 532, 535, 519, 536, 527, 1640, 1624, 519, 535, 1620, 536, 520, 543, 537, 536, 532, 517, 536, 1644, 1415, 514, 641, 942, 651, 532, 528, 542, 1114, 765, 716, 532, 540, 917, 940, 502, 636, 524, 521, 526, 902, 526, 880, 635, 636, 735, 518, 526, 637, 891, 832, 848, 930, 514, 521, 517, 696, 640, 530, 524, 611, 624, 815, 495, 523, 506, 752, 627, 899, 619, 1009, 753, 703, 893, 708, 620, 527, 1396, 884, 717, 1100, 518, 954]",151.287,7.126,4210.12,12.122,21330,21330,55.95714285714285,51.67142857142857,0.0,2.376735,37.90544128417969,-0.17047344148159027,0.00792532879859209
9.0,0.0,1.33,715.06,7,1,22230,0,False,138,24,0882816852fd4f208801a281f25d342f,2021-11-13_04-04-17,1636787057,4.957137823104858,116.37447333335876,31345,werikcyano,192.168.1.8,116.37447333335876,0,24,95ddc_00000,"[0.0, 0.0, 2.0, 2.0, 2.0, 2.0, 2.0, 2.0, 0.0, 0.0, 3.0, 0.0, 0.0, 0.0, 0.0, 0.0, 9.0, 9.0, 0.0, 0.0, 9.0, 0.0, 0.0, 0.0, 0.0, 0.0, 0.0, 0.0, 0.0, 9.0, 5.0, 0.0, 1.0, 3.0, 1.0, 0.0, 0.0, 0.0, 4.0, 2.0, 1.0, 0.0, 0.0, 2.0, 2.0, 0.0, 1.0, 0.0, 0.0, 0.0, 2.0, 0.0, 3.0, 1.0, 1.0, 2.0, 0.0, 0.0, 1.0, 3.0, 2.0, 2.0, 2.0, 0.0, 0.0, 0.0, 1.0, 1.0, 0.0, 0.0, 1.0, 1.0, 2.0, 0.0, 0.0, 0.0, 2.0, 1.0, 2.0, 1.0, 3.0, 2.0, 1.0, 2.0, 1.0, 1.0, 0.0, 5.0, 2.0, 1.0, 3.0, 0.0, 3.0, 0.0, 0.0, 1.0, 2.0, 1.0, 0.0, 1.0]","[540, 541, 822, 799, 801, 807, 790, 813, 511, 516, 1012, 532, 535, 519, 536, 527, 1640, 1624, 519, 535, 1620, 536, 520, 543, 537, 536, 532, 517, 536, 1644, 1415, 514, 641, 942, 651, 532, 528, 542, 1114, 765, 716, 532, 540, 917, 940, 502, 636, 524, 521, 526, 902, 526, 880, 635, 636, 735, 518, 526, 637, 891, 832, 848, 930, 514, 521, 517, 696, 640, 530, 524, 611, 624, 815, 495, 523, 506, 752, 627, 899, 619, 1009, 753, 703, 893, 708, 620, 527, 1396, 884, 717, 1100, 518, 954, 531, 532, 634, 808, 720, 532, 620]",139.882,4.739,6330.993,12.63,22230,22230,59.21428571428572,51.699999999999996,0.0,60.42407,35.894588470458984,8.93771743774414,3.9187893867492676
9.0,0.0,1.29,707.76,7,1,23250,0,False,145,25,0882816852fd4f208801a281f25d342f,2021-11-13_04-04-22,1636787062,5.0966432094573975,121.47111654281616,31345,werikcyano,192.168.1.8,121.47111654281616,0,25,95ddc_00000,"[2.0, 0.0, 0.0, 3.0, 0.0, 0.0, 0.0, 0.0, 0.0, 9.0, 9.0, 0.0, 0.0, 9.0, 0.0, 0.0, 0.0, 0.0, 0.0, 0.0, 0.0, 0.0, 9.0, 5.0, 0.0, 1.0, 3.0, 1.0, 0.0, 0.0, 0.0, 4.0, 2.0, 1.0, 0.0, 0.0, 2.0, 2.0, 0.0, 1.0, 0.0, 0.0, 0.0, 2.0, 0.0, 3.0, 1.0, 1.0, 2.0, 0.0, 0.0, 1.0, 3.0, 2.0, 2.0, 2.0, 0.0, 0.0, 0.0, 1.0, 1.0, 0.0, 0.0, 1.0, 1.0, 2.0, 0.0, 0.0, 0.0, 2.0, 1.0, 2.0, 1.0, 3.0, 2.0, 1.0, 2.0, 1.0, 1.0, 0.0, 5.0, 2.0, 1.0, 3.0, 0.0, 3.0, 0.0, 0.0, 1.0, 2.0, 1.0, 0.0, 1.0, 3.0, 1.0, 2.0, 0.0, 0.0, 0.0, 0.0]","[813, 511, 516, 1012, 532, 535, 519, 536, 527, 1640, 1624, 519, 535, 1620, 536, 520, 543, 537, 536, 532, 517, 536, 1644, 1415, 514, 641, 942, 651, 532, 528, 542, 1114, 765, 716, 532, 540, 917, 940, 502, 636, 524, 521, 526, 902, 526, 880, 635, 636, 735, 518, 526, 637, 891, 832, 848, 930, 514, 521, 517, 696, 640, 530, 524, 611, 624, 815, 495, 523, 506, 752, 627, 899, 619, 1009, 753, 703, 893, 708, 620, 527, 1396, 884, 717, 1100, 518, 954, 531, 532, 634, 808, 720, 532, 620, 887, 636, 755, 507, 520, 528, 537]",139.505,4.897,6126.023,9.023,23250,23250,49.125,51.6875,0.0,3.3342888,38.83584213256836,-0.858907163143158,0.017415590584278107
9.0,0.0,1.31,709.89,6,1,24180,0,False,151,26,0882816852fd4f208801a281f25d342f,2021-11-13_04-04-27,1636787067,5.070954084396362,126.54207062721252,31345,werikcyano,192.168.1.8,126.54207062721252,0,26,95ddc_00000,"[0.0, 0.0, 0.0, 9.0, 9.0, 0.0, 0.0, 9.0, 0.0, 0.0, 0.0, 0.0, 0.0, 0.0, 0.0, 0.0, 9.0, 5.0, 0.0, 1.0, 3.0, 1.0, 0.0, 0.0, 0.0, 4.0, 2.0, 1.0, 0.0, 0.0, 2.0, 2.0, 0.0, 1.0, 0.0, 0.0, 0.0, 2.0, 0.0, 3.0, 1.0, 1.0, 2.0, 0.0, 0.0, 1.0, 3.0, 2.0, 2.0, 2.0, 0.0, 0.0, 0.0, 1.0, 1.0, 0.0, 0.0, 1.0, 1.0, 2.0, 0.0, 0.0, 0.0, 2.0, 1.0, 2.0, 1.0, 3.0, 2.0, 1.0, 2.0, 1.0, 1.0, 0.0, 5.0, 2.0, 1.0, 3.0, 0.0, 3.0, 0.0, 0.0, 1.0, 2.0, 1.0, 0.0, 1.0, 3.0, 1.0, 2.0, 0.0, 0.0, 0.0, 0.0, 0.0, 1.0, 1.0, 3.0, 1.0, 1.0]","[519, 536, 527, 1640, 1624, 519, 535, 1620, 536, 520, 543, 537, 536, 532, 517, 536, 1644, 1415, 514, 641, 942, 651, 532, 528, 542, 1114, 765, 716, 532, 540, 917, 940, 502, 636, 524, 521, 526, 902, 526, 880, 635, 636, 735, 518, 526, 637, 891, 832, 848, 930, 514, 521, 517, 696, 640, 530, 524, 611, 624, 815, 495, 523, 506, 752, 627, 899, 619, 1009, 753, 703, 893, 708, 620, 527, 1396, 884, 717, 1100, 518, 954, 531, 532, 634, 808, 720, 532, 620, 887, 636, 755, 507, 520, 528, 537, 531, 630, 655, 1018, 649, 649]",140.735,5.42,5535.135,12.712,24180,24180,56.55714285714286,51.58571428571429,0.0,5.661798,39.52302551269531,-1.2668859958648682,0.0438135601580143
9.0,0.0,1.2,698.36,5,1,25200,0,False,156,27,0882816852fd4f208801a281f25d342f,2021-11-13_04-04-33,1636787073,5.100416898727417,131.64248752593994,31345,werikcyano,192.168.1.8,131.64248752593994,0,27,95ddc_00000,"[0.0, 0.0, 9.0, 0.0, 0.0, 0.0, 0.0, 0.0, 0.0, 0.0, 0.0, 9.0, 5.0, 0.0, 1.0, 3.0, 1.0, 0.0, 0.0, 0.0, 4.0, 2.0, 1.0, 0.0, 0.0, 2.0, 2.0, 0.0, 1.0, 0.0, 0.0, 0.0, 2.0, 0.0, 3.0, 1.0, 1.0, 2.0, 0.0, 0.0, 1.0, 3.0, 2.0, 2.0, 2.0, 0.0, 0.0, 0.0, 1.0, 1.0, 0.0, 0.0, 1.0, 1.0, 2.0, 0.0, 0.0, 0.0, 2.0, 1.0, 2.0, 1.0, 3.0, 2.0, 1.0, 2.0, 1.0, 1.0, 0.0, 5.0, 2.0, 1.0, 3.0, 0.0, 3.0, 0.0, 0.0, 1.0, 2.0, 1.0, 0.0, 1.0, 3.0, 1.0, 2.0, 0.0, 0.0, 0.0, 0.0, 0.0, 1.0, 1.0, 3.0, 1.0, 1.0, 0.0, 4.0, 1.0, 0.0, 2.0]","[519, 535, 1620, 536, 520, 543, 537, 536, 532, 517, 536, 1644, 1415, 514, 641, 942, 651, 532, 528, 542, 1114, 765, 716, 532, 540, 917, 940, 502, 636, 524, 521, 526, 902, 526, 880, 635, 636, 735, 518, 526, 637, 891, 832, 848, 930, 514, 521, 517, 696, 640, 530, 524, 611, 624, 815, 495, 523, 506, 752, 627, 899, 619, 1009, 753, 703, 893, 708, 620, 527, 1396, 884, 717, 1100, 518, 954, 531, 532, 634, 808, 720, 532, 620, 887, 636, 755, 507, 520, 528, 537, 531, 630, 655, 1018, 649, 649, 502, 1159, 620, 507, 905]",140.497,6.263,4790.224,11.606,25200,25200,51.22857142857142,51.58571428571429,0.0,44.148235,40.40517807006836,7.335812568664551,3.079340696334839
9.0,0.0,1.19,700.6,6,1,26160,0,False,162,28,0882816852fd4f208801a281f25d342f,2021-11-13_04-04-38,1636787078,5.083714962005615,136.72620248794556,31345,werikcyano,192.168.1.8,136.72620248794556,0,28,95ddc_00000,"[0.0, 0.0, 0.0, 0.0, 0.0, 9.0, 5.0, 0.0, 1.0, 3.0, 1.0, 0.0, 0.0, 0.0, 4.0, 2.0, 1.0, 0.0, 0.0, 2.0, 2.0, 0.0, 1.0, 0.0, 0.0, 0.0, 2.0, 0.0, 3.0, 1.0, 1.0, 2.0, 0.0, 0.0, 1.0, 3.0, 2.0, 2.0, 2.0, 0.0, 0.0, 0.0, 1.0, 1.0, 0.0, 0.0, 1.0, 1.0, 2.0, 0.0, 0.0, 0.0, 2.0, 1.0, 2.0, 1.0, 3.0, 2.0, 1.0, 2.0, 1.0, 1.0, 0.0, 5.0, 2.0, 1.0, 3.0, 0.0, 3.0, 0.0, 0.0, 1.0, 2.0, 1.0, 0.0, 1.0, 3.0, 1.0, 2.0, 0.0, 0.0, 0.0, 0.0, 0.0, 1.0, 1.0, 3.0, 1.0, 1.0, 0.0, 4.0, 1.0, 0.0, 2.0, 3.0, 1.0, 2.0, 0.0, 1.0, 1.0]","[537, 536, 532, 517, 536, 1644, 1415, 514, 641, 942, 651, 532, 528, 542, 1114, 765, 716, 532, 540, 917, 940, 502, 636, 524, 521, 526, 902, 526, 880, 635, 636, 735, 518, 526, 637, 891, 832, 848, 930, 514, 521, 517, 696, 640, 530, 524, 611, 624, 815, 495, 523, 506, 752, 627, 899, 619, 1009, 753, 703, 893, 708, 620, 527, 1396, 884, 717, 1100, 518, 954, 531, 532, 634, 808, 720, 532, 620, 887, 636, 755, 507, 520, 528, 537, 531, 630, 655, 1018, 649, 649, 502, 1159, 620, 507, 905, 1024, 659, 885, 520, 693, 716]",136.847,4.709,6370.966,9.625,26160,26160,54.8875,51.575,0.0,6.2396245,37.857261657714844,-0.7044155597686768,0.022536078467965126
5.0,0.0,1.13,692.1,7,1,27150,0,False,169,29,0882816852fd4f208801a281f25d342f,2021-11-13_04-04-43,1636787083,4.973454236984253,141.6996567249298,31345,werikcyano,192.168.1.8,141.6996567249298,0,29,95ddc_00000,"[0.0, 1.0, 3.0, 1.0, 0.0, 0.0, 0.0, 4.0, 2.0, 1.0, 0.0, 0.0, 2.0, 2.0, 0.0, 1.0, 0.0, 0.0, 0.0, 2.0, 0.0, 3.0, 1.0, 1.0, 2.0, 0.0, 0.0, 1.0, 3.0, 2.0, 2.0, 2.0, 0.0, 0.0, 0.0, 1.0, 1.0, 0.0, 0.0, 1.0, 1.0, 2.0, 0.0, 0.0, 0.0, 2.0, 1.0, 2.0, 1.0, 3.0, 2.0, 1.0, 2.0, 1.0, 1.0, 0.0, 5.0, 2.0, 1.0, 3.0, 0.0, 3.0, 0.0, 0.0, 1.0, 2.0, 1.0, 0.0, 1.0, 3.0, 1.0, 2.0, 0.0, 0.0, 0.0, 0.0, 0.0, 1.0, 1.0, 3.0, 1.0, 1.0, 0.0, 4.0, 1.0, 0.0, 2.0, 3.0, 1.0, 2.0, 0.0, 1.0, 1.0, 2.0, 1.0, 0.0, 0.0, 1.0, 1.0, 3.0]","[514, 641, 942, 651, 532, 528, 542, 1114, 765, 716, 532, 540, 917, 940, 502, 636, 524, 521, 526, 902, 526, 880, 635, 636, 735, 518, 526, 637, 891, 832, 848, 930, 514, 521, 517, 696, 640, 530, 524, 611, 624, 815, 495, 523, 506, 752, 627, 899, 619, 1009, 753, 703, 893, 708, 620, 527, 1396, 884, 717, 1100, 518, 954, 531, 532, 634, 808, 720, 532, 620, 887, 636, 755, 507, 520, 528, 537, 531, 630, 655, 1018, 649, 649, 502, 1159, 620, 507, 905, 1024, 659, 885, 520, 693, 716, 834, 626, 533, 516, 711, 613, 1034]",137.036,4.635,6472.725,13.126,27150,27150,49.642857142857146,51.614285714285714,0.0,2.6340182,39.528106689453125,-0.5986610651016235,0.010457634925842285
5.0,0.0,1.12,692.09,5,1,28170,0,False,174,30,0882816852fd4f208801a281f25d342f,2021-11-13_04-04-48,1636787088,5.013478994369507,146.71313571929932,31345,werikcyano,192.168.1.8,146.71313571929932,0,30,95ddc_00000,"[0.0, 0.0, 4.0, 2.0, 1.0, 0.0, 0.0, 2.0, 2.0, 0.0, 1.0, 0.0, 0.0, 0.0, 2.0, 0.0, 3.0, 1.0, 1.0, 2.0, 0.0, 0.0, 1.0, 3.0, 2.0, 2.0, 2.0, 0.0, 0.0, 0.0, 1.0, 1.0, 0.0, 0.0, 1.0, 1.0, 2.0, 0.0, 0.0, 0.0, 2.0, 1.0, 2.0, 1.0, 3.0, 2.0, 1.0, 2.0, 1.0, 1.0, 0.0, 5.0, 2.0, 1.0, 3.0, 0.0, 3.0, 0.0, 0.0, 1.0, 2.0, 1.0, 0.0, 1.0, 3.0, 1.0, 2.0, 0.0, 0.0, 0.0, 0.0, 0.0, 1.0, 1.0, 3.0, 1.0, 1.0, 0.0, 4.0, 1.0, 0.0, 2.0, 3.0, 1.0, 2.0, 0.0, 1.0, 1.0, 2.0, 1.0, 0.0, 0.0, 1.0, 1.0, 3.0, 3.0, 0.0, 0.0, 1.0, 0.0]","[528, 542, 1114, 765, 716, 532, 540, 917, 940, 502, 636, 524, 521, 526, 902, 526, 880, 635, 636, 735, 518, 526, 637, 891, 832, 848, 930, 514, 521, 517, 696, 640, 530, 524, 611, 624, 815, 495, 523, 506, 752, 627, 899, 619, 1009, 753, 703, 893, 708, 620, 527, 1396, 884, 717, 1100, 518, 954, 531, 532, 634, 808, 720, 532, 620, 887, 636, 755, 507, 520, 528, 537, 531, 630, 655, 1018, 649, 649, 502, 1159, 620, 507, 905, 1024, 659, 885, 520, 693, 716, 834, 626, 533, 516, 711, 613, 1034, 1092, 516, 525, 617, 529]",131.041,4.876,6152.201,8.457,28170,28170,49.15714285714286,51.55714285714286,0.0,7.586878,39.30198669433594,0.5137071013450623,0.09348843991756439
8.0,0.0,1.19,701.14,6,1,29190,0,False,180,31,0882816852fd4f208801a281f25d342f,2021-11-13_04-04-53,1636787093,5.046818494796753,151.75995421409607,31345,werikcyano,192.168.1.8,151.75995421409607,0,31,95ddc_00000,"[0.0, 2.0, 2.0, 0.0, 1.0, 0.0, 0.0, 0.0, 2.0, 0.0, 3.0, 1.0, 1.0, 2.0, 0.0, 0.0, 1.0, 3.0, 2.0, 2.0, 2.0, 0.0, 0.0, 0.0, 1.0, 1.0, 0.0, 0.0, 1.0, 1.0, 2.0, 0.0, 0.0, 0.0, 2.0, 1.0, 2.0, 1.0, 3.0, 2.0, 1.0, 2.0, 1.0, 1.0, 0.0, 5.0, 2.0, 1.0, 3.0, 0.0, 3.0, 0.0, 0.0, 1.0, 2.0, 1.0, 0.0, 1.0, 3.0, 1.0, 2.0, 0.0, 0.0, 0.0, 0.0, 0.0, 1.0, 1.0, 3.0, 1.0, 1.0, 0.0, 4.0, 1.0, 0.0, 2.0, 3.0, 1.0, 2.0, 0.0, 1.0, 1.0, 2.0, 1.0, 0.0, 0.0, 1.0, 1.0, 3.0, 3.0, 0.0, 0.0, 1.0, 0.0, 2.0, 8.0, 4.0, 0.0, 0.0, 0.0]","[540, 917, 940, 502, 636, 524, 521, 526, 902, 526, 880, 635, 636, 735, 518, 526, 637, 891, 832, 848, 930, 514, 521, 517, 696, 640, 530, 524, 611, 624, 815, 495, 523, 506, 752, 627, 899, 619, 1009, 753, 703, 893, 708, 620, 527, 1396, 884, 717, 1100, 518, 954, 531, 532, 634, 808, 720, 532, 620, 887, 636, 755, 507, 520, 528, 537, 531, 630, 655, 1018, 649, 649, 502, 1159, 620, 507, 905, 1024, 659, 885, 520, 693, 716, 834, 626, 533, 516, 711, 613, 1034, 1092, 516, 525, 617, 529, 907, 1486, 1130, 521, 543, 515]",134.13,5.327,5632.181,10.712,29190,29190,48.67142857142857,51.67142857142857,0.0,10.671933,38.98198318481445,-2.5168747901916504,0.15954603254795074
8.0,0.0,1.26,712.21,6,1,30210,0,False,186,32,0882816852fd4f208801a281f25d342f,2021-11-13_04-04-58,1636787098,5.094374895095825,156.8543291091919,31345,werikcyano,192.168.1.8,156.8543291091919,0,32,95ddc_00000,"[0.0, 0.0, 2.0, 0.0, 3.0, 1.0, 1.0, 2.0, 0.0, 0.0, 1.0, 3.0, 2.0, 2.0, 2.0, 0.0, 0.0, 0.0, 1.0, 1.0, 0.0, 0.0, 1.0, 1.0, 2.0, 0.0, 0.0, 0.0, 2.0, 1.0, 2.0, 1.0, 3.0, 2.0, 1.0, 2.0, 1.0, 1.0, 0.0, 5.0, 2.0, 1.0, 3.0, 0.0, 3.0, 0.0, 0.0, 1.0, 2.0, 1.0, 0.0, 1.0, 3.0, 1.0, 2.0, 0.0, 0.0, 0.0, 0.0, 0.0, 1.0, 1.0, 3.0, 1.0, 1.0, 0.0, 4.0, 1.0, 0.0, 2.0, 3.0, 1.0, 2.0, 0.0, 1.0, 1.0, 2.0, 1.0, 0.0, 0.0, 1.0, 1.0, 3.0, 3.0, 0.0, 0.0, 1.0, 0.0, 2.0, 8.0, 4.0, 0.0, 0.0, 0.0, 6.0, 2.0, 2.0, 0.0, 2.0, 0.0]","[521, 526, 902, 526, 880, 635, 636, 735, 518, 526, 637, 891, 832, 848, 930, 514, 521, 517, 696, 640, 530, 524, 611, 624, 815, 495, 523, 506, 752, 627, 899, 619, 1009, 753, 703, 893, 708, 620, 527, 1396, 884, 717, 1100, 518, 954, 531, 532, 634, 808, 720, 532, 620, 887, 636, 755, 507, 520, 528, 537, 531, 630, 655, 1018, 649, 649, 502, 1159, 620, 507, 905, 1024, 659, 885, 520, 693, 716, 834, 626, 533, 516, 711, 613, 1034, 1092, 516, 525, 617, 529, 907, 1486, 1130, 521, 543, 515, 1412, 924, 909, 518, 904, 499]",134.85,4.691,6394.958,8.885,30210,30210,49.52857142857143,51.699999999999996,0.0,15.815337,37.2265510559082,-2.9948196411132812,0.14932581782341003
8.0,0.0,1.29,716.69,6,1,31230,0,False,192,33,0882816852fd4f208801a281f25d342f,2021-11-13_04-05-03,1636787103,5.027186870574951,161.88151597976685,31345,werikcyano,192.168.1.8,161.88151597976685,0,33,95ddc_00000,"[1.0, 2.0, 0.0, 0.0, 1.0, 3.0, 2.0, 2.0, 2.0, 0.0, 0.0, 0.0, 1.0, 1.0, 0.0, 0.0, 1.0, 1.0, 2.0, 0.0, 0.0, 0.0, 2.0, 1.0, 2.0, 1.0, 3.0, 2.0, 1.0, 2.0, 1.0, 1.0, 0.0, 5.0, 2.0, 1.0, 3.0, 0.0, 3.0, 0.0, 0.0, 1.0, 2.0, 1.0, 0.0, 1.0, 3.0, 1.0, 2.0, 0.0, 0.0, 0.0, 0.0, 0.0, 1.0, 1.0, 3.0, 1.0, 1.0, 0.0, 4.0, 1.0, 0.0, 2.0, 3.0, 1.0, 2.0, 0.0, 1.0, 1.0, 2.0, 1.0, 0.0, 0.0, 1.0, 1.0, 3.0, 3.0, 0.0, 0.0, 1.0, 0.0, 2.0, 8.0, 4.0, 0.0, 0.0, 0.0, 6.0, 2.0, 2.0, 0.0, 2.0, 0.0, 2.0, 0.0, 2.0, 3.0, 0.0, 2.0]","[636, 735, 518, 526, 637, 891, 832, 848, 930, 514, 521, 517, 696, 640, 530, 524, 611, 624, 815, 495, 523, 506, 752, 627, 899, 619, 1009, 753, 703, 893, 708, 620, 527, 1396, 884, 717, 1100, 518, 954, 531, 532, 634, 808, 720, 532, 620, 887, 636, 755, 507, 520, 528, 537, 531, 630, 655, 1018, 649, 649, 502, 1159, 620, 507, 905, 1024, 659, 885, 520, 693, 716, 834, 626, 533, 516, 711, 613, 1034, 1092, 516, 525, 617, 529, 907, 1486, 1130, 521, 543, 515, 1412, 924, 909, 518, 904, 499, 912, 510, 826, 848, 513, 829]",136.398,4.986,6016.272,7.869,31230,31230,48.95,51.712500000000006,0.0,3.6808116,39.57172775268555,0.1091255247592926,0.026087015867233276
8.0,0.0,1.37,730.53,5,1,32250,0,False,197,34,0882816852fd4f208801a281f25d342f,2021-11-13_04-05-08,1636787108,5.010670900344849,166.8921868801117,31345,werikcyano,192.168.1.8,166.8921868801117,0,34,95ddc_00000,"[3.0, 2.0, 2.0, 2.0, 0.0, 0.0, 0.0, 1.0, 1.0, 0.0, 0.0, 1.0, 1.0, 2.0, 0.0, 0.0, 0.0, 2.0, 1.0, 2.0, 1.0, 3.0, 2.0, 1.0, 2.0, 1.0, 1.0, 0.0, 5.0, 2.0, 1.0, 3.0, 0.0, 3.0, 0.0, 0.0, 1.0, 2.0, 1.0, 0.0, 1.0, 3.0, 1.0, 2.0, 0.0, 0.0, 0.0, 0.0, 0.0, 1.0, 1.0, 3.0, 1.0, 1.0, 0.0, 4.0, 1.0, 0.0, 2.0, 3.0, 1.0, 2.0, 0.0, 1.0, 1.0, 2.0, 1.0, 0.0, 0.0, 1.0, 1.0, 3.0, 3.0, 0.0, 0.0, 1.0, 0.0, 2.0, 8.0, 4.0, 0.0, 0.0, 0.0, 6.0, 2.0, 2.0, 0.0, 2.0, 0.0, 2.0, 0.0, 2.0, 3.0, 0.0, 2.0, 0.0, 2.0, 4.0, 4.0, 2.0]","[891, 832, 848, 930, 514, 521, 517, 696, 640, 530, 524, 611, 624, 815, 495, 523, 506, 752, 627, 899, 619, 1009, 753, 703, 893, 708, 620, 527, 1396, 884, 717, 1100, 518, 954, 531, 532, 634, 808, 720, 532, 620, 887, 636, 755, 507, 520, 528, 537, 531, 630, 655, 1018, 649, 649, 502, 1159, 620, 507, 905, 1024, 659, 885, 520, 693, 716, 834, 626, 533, 516, 711, 613, 1034, 1092, 516, 525, 617, 529, 907, 1486, 1130, 521, 543, 515, 1412, 924, 909, 518, 904, 499, 912, 510, 826, 848, 513, 829, 506, 927, 1005, 1196, 802]",133.4,4.439,6758.43,8.996,32250,32250,49.41428571428571,51.728571428571435,0.0,2.928993,38.5147705078125,-0.11799860000610352,0.02097884751856327
8.0,0.0,1.37,729.62,6,1,33270,0,False,203,35,0882816852fd4f208801a281f25d342f,2021-11-13_04-05-13,1636787113,5.027858734130859,171.92004561424255,31345,werikcyano,192.168.1.8,171.92004561424255,0,35,95ddc_00000,"[0.0, 1.0, 1.0, 0.0, 0.0, 1.0, 1.0, 2.0, 0.0, 0.0, 0.0, 2.0, 1.0, 2.0, 1.0, 3.0, 2.0, 1.0, 2.0, 1.0, 1.0, 0.0, 5.0, 2.0, 1.0, 3.0, 0.0, 3.0, 0.0, 0.0, 1.0, 2.0, 1.0, 0.0, 1.0, 3.0, 1.0, 2.0, 0.0, 0.0, 0.0, 0.0, 0.0, 1.0, 1.0, 3.0, 1.0, 1.0, 0.0, 4.0, 1.0, 0.0, 2.0, 3.0, 1.0, 2.0, 0.0, 1.0, 1.0, 2.0, 1.0, 0.0, 0.0, 1.0, 1.0, 3.0, 3.0, 0.0, 0.0, 1.0, 0.0, 2.0, 8.0, 4.0, 0.0, 0.0, 0.0, 6.0, 2.0, 2.0, 0.0, 2.0, 0.0, 2.0, 0.0, 2.0, 3.0, 0.0, 2.0, 0.0, 2.0, 4.0, 4.0, 2.0, 0.0, 0.0, 3.0, 1.0, 2.0, 3.0]","[517, 696, 640, 530, 524, 611, 624, 815, 495, 523, 506, 752, 627, 899, 619, 1009, 753, 703, 893, 708, 620, 527, 1396, 884, 717, 1100, 518, 954, 531, 532, 634, 808, 720, 532, 620, 887, 636, 755, 507, 520, 528, 537, 531, 630, 655, 1018, 649, 649, 502, 1159, 620, 507, 905, 1024, 659, 885, 520, 693, 716, 834, 626, 533, 516, 711, 613, 1034, 1092, 516, 525, 617, 529, 907, 1486, 1130, 521, 543, 515, 1412, 924, 909, 518, 904, 499, 912, 510, 826, 848, 513, 829, 506, 927, 1005, 1196, 802, 511, 529, 956, 640, 844, 965]",133.446,4.991,6010.467,8.447,33270,33270,48.07142857142857,51.74285714285714,0.0,9.274733,39.852081298828125,-2.613060712814331,0.14191949367523193
8.0,0.0,1.43,740.92,6,1,34230,0,False,209,36,0882816852fd4f208801a281f25d342f,2021-11-13_04-05-18,1636787118,5.0371294021606445,176.9571750164032,31345,werikcyano,192.168.1.8,176.9571750164032,0,36,95ddc_00000,"[1.0, 2.0, 0.0, 0.0, 0.0, 2.0, 1.0, 2.0, 1.0, 3.0, 2.0, 1.0, 2.0, 1.0, 1.0, 0.0, 5.0, 2.0, 1.0, 3.0, 0.0, 3.0, 0.0, 0.0, 1.0, 2.0, 1.0, 0.0, 1.0, 3.0, 1.0, 2.0, 0.0, 0.0, 0.0, 0.0, 0.0, 1.0, 1.0, 3.0, 1.0, 1.0, 0.0, 4.0, 1.0, 0.0, 2.0, 3.0, 1.0, 2.0, 0.0, 1.0, 1.0, 2.0, 1.0, 0.0, 0.0, 1.0, 1.0, 3.0, 3.0, 0.0, 0.0, 1.0, 0.0, 2.0, 8.0, 4.0, 0.0, 0.0, 0.0, 6.0, 2.0, 2.0, 0.0, 2.0, 0.0, 2.0, 0.0, 2.0, 3.0, 0.0, 2.0, 0.0, 2.0, 4.0, 4.0, 2.0, 0.0, 0.0, 3.0, 1.0, 2.0, 3.0, 2.0, 0.0, 1.0, 0.0, 4.0, 2.0]","[624, 815, 495, 523, 506, 752, 627, 899, 619, 1009, 753, 703, 893, 708, 620, 527, 1396, 884, 717, 1100, 518, 954, 531, 532, 634, 808, 720, 532, 620, 887, 636, 755, 507, 520, 528, 537, 531, 630, 655, 1018, 649, 649, 502, 1159, 620, 507, 905, 1024, 659, 885, 520, 693, 716, 834, 626, 533, 516, 711, 613, 1034, 1092, 516, 525, 617, 529, 907, 1486, 1130, 521, 543, 515, 1412, 924, 909, 518, 904, 499, 912, 510, 826, 848, 513, 829, 506, 927, 1005, 1196, 802, 511, 529, 956, 640, 844, 965, 894, 524, 620, 510, 1198, 902]",147.583,5.321,5637.632,10.672,34230,34230,57.214285714285715,51.82857142857142,0.0,23.549807,39.90016174316406,-3.913383960723877,0.2770944833755493
8.0,0.0,1.41,740.56,7,1,35250,0,True,216,37,0882816852fd4f208801a281f25d342f,2021-11-13_04-05-23,1636787123,5.021321058273315,181.9784960746765,31345,werikcyano,192.168.1.8,181.9784960746765,0,37,95ddc_00000,"[2.0, 1.0, 3.0, 2.0, 1.0, 2.0, 1.0, 1.0, 0.0, 5.0, 2.0, 1.0, 3.0, 0.0, 3.0, 0.0, 0.0, 1.0, 2.0, 1.0, 0.0, 1.0, 3.0, 1.0, 2.0, 0.0, 0.0, 0.0, 0.0, 0.0, 1.0, 1.0, 3.0, 1.0, 1.0, 0.0, 4.0, 1.0, 0.0, 2.0, 3.0, 1.0, 2.0, 0.0, 1.0, 1.0, 2.0, 1.0, 0.0, 0.0, 1.0, 1.0, 3.0, 3.0, 0.0, 0.0, 1.0, 0.0, 2.0, 8.0, 4.0, 0.0, 0.0, 0.0, 6.0, 2.0, 2.0, 0.0, 2.0, 0.0, 2.0, 0.0, 2.0, 3.0, 0.0, 2.0, 0.0, 2.0, 4.0, 4.0, 2.0, 0.0, 0.0, 3.0, 1.0, 2.0, 3.0, 2.0, 0.0, 1.0, 0.0, 4.0, 2.0, 1.0, 1.0, 0.0, 2.0, 0.0, 0.0, 0.0]","[899, 619, 1009, 753, 703, 893, 708, 620, 527, 1396, 884, 717, 1100, 518, 954, 531, 532, 634, 808, 720, 532, 620, 887, 636, 755, 507, 520, 528, 537, 531, 630, 655, 1018, 649, 649, 502, 1159, 620, 507, 905, 1024, 659, 885, 520, 693, 716, 834, 626, 533, 516, 711, 613, 1034, 1092, 516, 525, 617, 529, 907, 1486, 1130, 521, 543, 515, 1412, 924, 909, 518, 904, 499, 912, 510, 826, 848, 513, 829, 506, 927, 1005, 1196, 802, 511, 529, 956, 640, 844, 965, 894, 524, 620, 510, 1198, 902, 701, 633, 517, 897, 506, 519, 533]",135.4,4.564,6573.114,9.051,35250,35250,47.925,51.787499999999994,0.0,5.3240156,40.23081970214844,0.9959415197372437,0.05187046900391579
